Champion,Win %,Games,Wins,Losses,KDA,Kills,Deaths,Assists,Double Kills,Triple Kills,Quadra Kills,Penta Kills,CS,CS/m,Player,NetizenWin%,Role,Kill Avg,Death Avg,Assist Avg
Akali,61%,28,17,11,2.5,470,460,682,83,19,7,0,23.6,1.1,Matt,43.90%,Assassin,16.8,16.4,24.4
Katarina,40%,25,10,15,2.4,368,398,589,86,22,6,0,33.1,1.7,Matt,42.70%,Assassin,14.7,15.9,23.6
Zeri,39%,18,7,11,3.1,282,235,447,54,16,4,1,82.3,4.4,Matt,49.60%,AD Carry,15.7,13.1,24.8
Yuumi,76%,17,13,4,6.27,63,137,796,6,0,0,0,3.5,0.2,Matt,50.70%,Enchantress,3.7,8.1,46.8
Nilah,76%,17,13,4,2.71,209,229,411,46,11,0,0,72.4,3.7,Matt,51.00%,Engage,12.3,13.5,24.2
Sylas,81%,16,13,3,3.41,344,188,298,62,19,6,2,24.3,1.4,Jason,48.30%,Bruiser,21.5,11.8,18.6
Fizz,69%,16,11,5,2.8,374,245,313,70,18,4,1,34.9,1.8,Jason,50.50%,Assassin,23.4,15.3,19.6
Udyr,43%,14,6,8,2.52,98,216,446,6,0,0,0,21.9,1.1,Matt,52.40%,Bruiser,7.0,15.4,31.9
Renekton,77%,13,10,3,2.39,219,192,240,46,13,2,0,57.5,3,Jason,51.40%,Bruiser,16.8,14.8,18.5
Viego,54%,13,7,6,2.89,188,147,237,41,10,2,0,35.3,2,Jason,48.50%,Bruiser,14.5,11.3,18.2
Ivern,69%,13,9,4,4.79,42,117,518,1,1,0,0,9.3,0.5,Matt,52.30%,Enchantress,3.2,9.0,39.8
Ryze,62%,13,8,5,3.15,177,160,327,26,10,2,0,50.3,2.6,Matt,49.20%,Bruiser,13.6,12.3,25.2
Qiyana,58%,12,7,5,2.89,296,188,247,62,12,3,1,46.7,2.1,Jason,42.50%,Assassin,24.7,15.7,20.6
Nunu & Willump,50%,12,6,6,3.63,220,149,321,31,9,3,2,39.4,2,Jason,49.60%,Engage,18.3,12.4,26.8
Aatrox,73%,11,8,3,3.12,204,134,214,37,12,3,1,46.3,2.4,Jason,49.80%,Bruiser,18.5,12.2,19.5
Vladimir,64%,11,7,4,3.71,203,126,264,38,13,4,0,61.7,3.3,Jason,50.10%,Bruiser,18.5,11.5,24.0
Master Yi,64%,11,7,4,2.56,224,160,186,54,21,6,1,36.2,2,Jason,47.90%,Assassin,20.4,14.5,16.9
Darius,45%,11,5,6,2.71,201,150,205,38,16,4,2,53.4,2.5,Jason,48.70%,Bruiser,18.3,13.6,18.6
Sona,73%,11,8,3,5.05,65,108,480,4,0,0,0,11.3,0.6,Matt,51.70%,Enchantress,5.9,9.8,43.6
Kassadin,64%,11,7,4,2.56,162,169,271,32,7,0,0,36.3,1.8,Matt,47.90%,Assassin,14.7,15.4,24.6
Vex,45%,11,5,6,3.01,141,144,293,17,4,1,0,40,2,Matt,52.20%,Engage,12.8,13.1,26.6
Gwen,45%,11,5,6,2.53,143,159,259,19,5,0,0,31.7,1.6,Matt,50.80%,Bruiser,13.0,14.5,23.5
Xin Zhao,50%,10,5,5,3.01,227,147,215,43,13,3,2,49.4,2.5,Jason,49.30%,Engage,22.7,14.7,21.5
Vi,20%,10,2,8,2.34,196,166,193,44,8,1,0,41.9,2.1,Jason,48.50%,Engage,19.6,16.6,19.3
Kog'Maw,50%,10,5,5,3.13,111,119,262,17,5,0,0,61.7,3.3,Matt,52.80%,AD Carry,11.1,11.9,26.2
Twitch,40%,10,4,6,3.2,134,133,291,21,5,1,0,45.9,2.3,Matt,49.70%,AP Carry,13.4,13.3,29.1
Hecarim,20%,10,2,8,2.29,111,155,244,15,2,0,0,19.1,1,Matt,46.20%,Bruiser,11.1,15.5,24.4
Talon,67%,9,6,3,2.68,220,162,214,45,12,1,0,53.6,2.2,Jason,47.50%,Assassin,24.4,18.0,23.8
Malphite,56%,9,5,4,3,205,119,152,43,13,3,0,43.4,2.1,Jason,50.90%,Engage,22.8,13.2,16.9
Volibear,44%,9,4,5,3.18,134,105,200,23,4,0,0,43.6,2.1,Jason,49.30%,Bruiser,14.9,11.7,22.2
Jarvan IV,44%,9,4,5,3.18,190,137,245,32,10,3,1,37,1.8,Jason,48.50%,Engage,21.1,15.2,27.2
Riven,44%,9,4,5,2.52,111,114,176,20,3,1,0,34.9,1.9,Jason,50.10%,Bruiser,12.3,12.7,19.6
Yone,33%,9,3,6,2.87,155,114,172,34,4,1,0,73.6,4.1,Jason,48.00%,Assassin,17.2,12.7,19.1
Warwick,33%,9,3,6,2.28,159,137,153,29,5,2,0,34.2,1.7,Jason,51.10%,Bruiser,17.7,15.2,17.0
Shen,44%,9,4,5,2.48,52,132,276,4,0,0,0,10.1,0.6,Matt,51.60%,Engage,5.8,14.7,30.7
Mordekaiser,75%,8,6,2,3.22,126,95,180,26,6,1,0,46,2.5,Jason,50.10%,Bruiser,15.8,11.9,22.5
Yasuo,75%,8,6,2,2.36,116,121,169,20,6,3,0,61.9,3.3,Jason,49.00%,Bruiser,14.5,15.1,21.1
Zac,50%,8,4,4,2.15,118,130,161,21,7,0,0,19.8,1,Jason,50.10%,Engage,14.8,16.3,20.1
Kindred,88%,8,7,1,3.38,96,98,235,17,1,0,0,83.9,3.8,Matt,46.70%,AD Carry,12.0,12.3,29.4
Galio,75%,8,6,2,2.44,47,117,238,4,0,0,0,19.5,1,Matt,52.70%,Engage,5.9,14.6,29.8
Amumu,75%,8,6,2,2.1,38,153,284,3,0,0,0,18.1,0.9,Matt,51.50%,Engage,4.8,19.1,35.5
Ashe,50%,8,4,4,3.14,78,99,233,15,1,0,0,66.1,3.5,Matt,49.30%,AD Carry,9.8,12.4,29.1
Ezreal,50%,8,4,4,2.8,69,93,191,13,2,0,0,49,2.6,Matt,48.60%,AP Carry,8.6,11.6,23.9
Akshan,50%,8,4,4,2.54,98,114,192,13,3,1,0,49.1,2.6,Matt,48.40%,AD Carry,12.3,14.3,24.0
Renekton,50%,8,4,4,1.98,68,125,179,8,0,0,0,40.1,2.1,Matt,51.40%,Bruiser,8.5,15.6,22.4
Diana,57%,7,4,3,2.72,133,109,163,30,5,2,0,42.9,2.3,Jason,53.20%,Engage,19.0,15.6,23.3
Trundle,43%,7,3,4,2.54,83,105,184,14,2,0,0,50.4,2.3,Jason,51.00%,Bruiser,11.9,15.0,26.3
Rek'Sai,14%,7,1,6,2.09,112,96,89,19,5,1,0,10.7,0.7,Jason,50.60%,Assassin,16.0,13.7,12.7
Sivir,86%,7,6,1,4.22,82,83,268,16,3,0,0,92.7,5.1,Matt,52.20%,AD Carry,11.7,11.9,38.3
Karma,71%,7,5,2,5.08,41,64,284,2,0,0,0,17.3,0.9,Matt,51.50%,Enchantress,5.9,9.1,40.6
Aphelios,57%,7,4,3,3.32,93,79,169,19,8,0,0,62.6,3.6,Matt,47.80%,AD Carry,13.3,11.3,24.1
Gragas,57%,7,4,3,2.56,49,91,184,2,1,0,0,11.1,0.6,Matt,47.70%,Bruiser,7.0,13.0,26.3
Naafiri,57%,7,4,3,2.49,89,108,180,13,3,0,0,37.3,1.9,Matt,45.90%,Assassin,12.7,15.4,25.7
Camille,100%,6,6,0,2.6,93,86,131,17,1,0,0,18.8,1,Jason,52.20%,Bruiser,15.5,14.3,21.8
Cassiopeia,67%,6,4,2,4.22,103,60,150,20,7,2,0,45.8,2.8,Jason,48.80%,Bruiser,17.2,10.0,25.0
Briar,50%,6,3,3,1.78,54,100,124,8,4,0,0,42.7,2.2,Jason,49.00%,Bruiser,9.0,16.7,20.7
Neeko,33%,6,2,4,3.01,80,71,134,18,3,0,0,53,2.6,Jason,51.60%,Engage,13.3,11.8,22.3
Lillia,83%,6,5,1,2.66,40,74,157,5,0,0,0,29.5,1.5,Matt,53.80%,Bruiser,6.7,12.3,26.2
Azir,50%,6,3,3,2.34,48,73,123,9,3,1,0,43.5,2.8,Matt,52.70%,AP Carry,8.0,12.2,20.5
Kayle,33%,6,2,4,3.46,58,91,257,7,0,0,0,53.8,2.6,Matt,51.80%,AP Carry,9.7,15.2,42.8
Rakan,33%,6,2,4,2.87,36,85,208,3,0,0,0,7.7,0.4,Matt,48.60%,Engage,6.0,14.2,34.7
Darius,33%,6,2,4,2.08,46,86,133,5,1,1,1,30.2,1.6,Matt,48.70%,Bruiser,7.7,14.3,22.2
Tahm Kench,33%,6,2,4,1.94,41,87,128,4,2,1,0,10.5,0.5,Matt,51.00%,Bruiser,6.8,14.5,21.3
Poppy,17%,6,1,5,2.18,33,90,163,4,0,0,0,13.2,0.7,Matt,52.20%,Bruiser,5.5,15.0,27.2
Illaoi,17%,6,1,5,1.86,57,106,140,9,0,0,0,36.5,1.7,Matt,53.30%,Bruiser,9.5,17.7,23.3
Sion,40%,5,2,3,2.9,42,70,161,1,0,0,0,83.8,4,Wesley,53.40%,Bruiser,8.4,14.0,32.2
Orianna,60%,5,3,2,4.91,96,53,164,20,4,0,0,48.4,2.9,Jason,53.00%,Engage,19.2,10.6,32.8
Annie,60%,5,3,2,2.97,95,75,128,21,5,1,0,40.4,1.9,Jason,50.70%,Engage,19.0,15.0,25.6
Anivia,40%,5,2,3,3.82,79,57,139,16,3,0,0,51,2.7,Jason,50.60%,AP Carry,15.8,11.4,27.8
Evelynn,40%,5,2,3,2.86,113,76,104,22,8,1,0,36.6,1.6,Jason,46.50%,Assassin,22.6,15.2,20.8
Sett,40%,5,2,3,2.65,52,65,120,4,0,0,0,44.6,2.1,Jason,48.80%,Bruiser,10.4,13.0,24.0
Ekko,40%,5,2,3,2.29,90,89,114,18,2,0,0,41.6,1.9,Jason,50.70%,Assassin,18.0,17.8,22.8
Kled,60%,5,3,2,3.05,59,73,164,6,1,0,0,31.4,1.7,Matt,51.90%,Engage,11.8,14.6,32.8
Maokai,20%,5,1,4,2.84,17,64,165,1,0,0,0,23.8,1.3,Matt,50.70%,Engage,3.4,12.8,33.0
Jhin,20%,5,1,4,3.21,60,52,107,13,2,1,0,46.2,2.7,James,50.40%,AD Carry,12.0,10.4,21.4
Kassadin,75%,4,3,1,3.13,89,48,61,20,7,4,0,36.3,2.1,Jason,47.90%,Assassin,22.3,12.0,15.3
Karthus,75%,4,3,1,2.66,102,83,119,21,5,1,0,84.3,4,Jason,48.30%,Bruiser,25.5,20.8,29.8
Kennen,50%,4,2,2,3.11,92,56,82,20,7,2,2,47.5,2.2,Jason,52.30%,Engage,23.0,14.0,20.5
Olaf,50%,4,2,2,2.87,64,55,94,9,3,0,0,31,1.8,Jason,52.00%,Bruiser,16.0,13.8,23.5
Nocturne,50%,4,2,2,2.56,116,68,58,30,15,5,1,48.8,2.3,Jason,48.60%,Assassin,29.0,17.0,14.5
Jax,50%,4,2,2,2.32,76,66,77,12,3,0,0,33,1.6,Jason,50.10%,Bruiser,19.0,16.5,19.3
Kha'Zix,25%,4,1,3,2.67,111,61,52,26,11,4,3,39.5,2.1,Jason,47.00%,Assassin,27.8,15.3,13.0
Naafiri,25%,4,1,3,2.57,58,51,73,15,2,0,0,46.5,2.6,Jason,45.90%,Assassin,14.5,12.8,18.3
Rammus,25%,4,1,3,2.49,23,55,114,1,0,0,0,19.8,1.2,Jason,52.50%,Engage,5.8,13.8,28.5
Irelia,25%,4,1,3,2.46,48,50,75,10,1,0,0,90.3,5.1,Jason,49.60%,Bruiser,12.0,12.5,18.8
Vayne,25%,4,1,3,2.39,82,71,88,18,2,0,0,80,3.6,Jason,50.90%,AD Carry,20.5,17.8,22.0
Alistar,25%,4,1,3,2.35,52,71,115,6,0,0,0,17.5,0.8,Jason,50.10%,Engage,13.0,17.8,28.8
Rell,75%,4,3,1,4.41,16,41,165,2,0,0,0,14.5,0.9,Allen,48.40%,Engage,4.0,10.3,41.3
Poppy,75%,4,3,1,3.98,49,42,118,9,0,0,0,23.8,1.3,Allen,52.20%,Bruiser,12.3,10.5,29.5
Riven,75%,4,3,1,2.93,68,57,99,14,3,0,0,50,2.4,Allen,50.10%,Bruiser,17.0,14.3,24.8
Lee Sin,0%,4,0,4,2.5,68,54,67,12,5,1,0,27.5,1.6,Allen,45.80%,Bruiser,17.0,13.5,16.8
Nami,75%,4,3,1,5.97,13,32,178,1,0,0,0,3.5,0.2,Matt,51.80%,Enchantress,3.3,8.0,44.5
Rell,75%,4,3,1,4.06,17,51,190,0,0,0,0,7.3,0.4,Matt,48.40%,Engage,4.3,12.8,47.5
Zac,75%,4,3,1,2.72,21,54,126,1,0,0,0,12.5,0.7,Matt,50.10%,Engage,5.3,13.5,31.5
Senna,50%,4,2,2,4.5,59,52,175,9,3,1,1,77,3,Matt,51.30%,AD Carry,14.8,13.0,43.8
Zyra,50%,4,2,2,3.15,22,46,123,1,0,0,0,34.3,1.8,Matt,51.80%,AP Carry,5.5,11.5,30.8
Diana,50%,4,2,2,2.49,43,59,104,5,0,0,0,23.5,1.2,Matt,53.20%,Engage,10.8,14.8,26.0
Lissandra,50%,4,2,2,2.47,42,57,99,6,1,0,0,32.5,2,Matt,49.80%,Engage,10.5,14.3,24.8
Sett,50%,4,2,2,2.17,38,64,101,5,1,0,0,30.8,1.4,Matt,48.80%,Bruiser,9.5,16.0,25.3
Bel'Veth,50%,4,2,2,2.07,47,67,92,7,2,2,1,44.8,2,Matt,46.60%,Bruiser,11.8,16.8,23.0
Seraphine,25%,4,1,3,4.35,29,37,132,7,1,0,0,38.3,2.2,Matt,53.00%,Enchantress,7.3,9.3,33.0
Kai'Sa,25%,4,1,3,3.04,51,46,89,3,2,0,0,56.3,2.7,Matt,47.40%,AD Carry,12.8,11.5,22.3
Varus,25%,4,1,3,2.83,40,41,76,6,0,0,0,63.8,4,Matt,49.90%,AD Carry,10.0,10.3,19.0
Sejuani,25%,4,1,3,2.21,43,62,94,6,1,0,0,35.5,1.7,Matt,50.90%,Engage,10.8,15.5,23.5
Blitzcrank,50%,4,2,2,3.9,24,39,128,1,0,0,0,14.3,0.7,James,50.00%,Engage,6.0,9.8,32.0
Tryndamere,67%,3,2,1,4.38,38,32,102,6,1,0,0,64.3,3.8,Wesley,50.20%,Bruiser,12.7,10.7,34.0
Renekton,67%,3,2,1,3.59,47,32,68,10,0,0,0,106.3,5.5,Wesley,51.40%,Bruiser,15.7,10.7,22.7
Viktor,100%,3,3,0,4.2,50,30,76,12,0,0,0,53.7,2.8,Jason,52.10%,AP Carry,16.7,10.0,25.3
Shen,33%,3,1,2,3.63,31,35,96,5,0,0,0,31.3,1.7,Jason,51.60%,Engage,10.3,11.7,32.0
Fiora,33%,3,1,2,2.88,34,32,58,5,2,0,0,40.7,2.6,Jason,49.00%,Bruiser,11.3,10.7,19.3
Zed,33%,3,1,2,2.68,68,47,58,12,3,0,0,60.3,2.9,Jason,45.20%,Assassin,22.7,15.7,19.3
Nidalee,33%,3,1,2,2.58,44,43,67,7,2,1,0,25.7,1.4,Jason,47.90%,AP Carry,14.7,14.3,22.3
Akali,33%,3,1,2,2.17,58,48,46,10,0,0,0,34.3,1.4,Jason,43.90%,Assassin,19.3,16.0,15.3
Cho'Gath,0%,3,0,3,1.98,38,42,45,8,1,0,0,43,2.7,Jason,50.40%,Bruiser,12.7,14.0,15.0
Garen,0%,3,0,3,1.73,32,51,56,2,0,0,0,29.7,1.7,Jason,50.70%,Bruiser,10.7,17.0,18.7
Sion,0%,3,0,3,1.42,39,55,39,6,1,0,0,40.7,2.3,Jason,53.40%,Bruiser,13.0,18.3,13.0
Milio,67%,3,2,1,6.04,7,23,132,0,0,0,0,4.3,0.3,Allen,54.10%,Enchantress,2.3,7.7,44.0
Renata Glasc,67%,3,2,1,3.83,24,36,114,2,0,0,0,24,1.1,Allen,51.70%,Enchantress,8.0,12.0,38.0
Pantheon,67%,3,2,1,3,46,36,62,6,1,0,0,25,1.4,Allen,48.80%,Bruiser,15.3,12.0,20.7
K'Sante,67%,3,2,1,2.97,20,33,78,1,1,0,0,41.7,2.3,Allen,52.10%,Bruiser,6.7,11.0,26.0
Blitzcrank,0%,3,0,3,1.91,19,46,69,1,0,0,0,20.7,1.2,Allen,50.00%,Engage,6.3,15.3,23.0
Milio,100%,3,3,0,5.12,3,25,125,0,0,0,0,9.3,0.5,Matt,54.10%,Enchantress,1.0,8.3,41.7
Jarvan IV,100%,3,3,0,2.88,35,50,109,6,1,0,0,18.3,0.9,Matt,48.50%,Engage,11.7,16.7,36.3
Swain,67%,3,2,1,3.87,22,30,94,2,0,0,0,31.7,1.9,Matt,51.50%,Bruiser,7.3,10.0,31.3
Draven,67%,3,2,1,2.76,41,42,75,10,0,0,0,68.3,3.4,Matt,51.10%,AD Carry,13.7,14.0,25.0
Samira,67%,3,2,1,2.68,42,50,92,7,1,0,0,52.7,2.7,Matt,48.90%,AD Carry,14.0,16.7,30.7
Zed,67%,3,2,1,2.49,40,53,92,4,0,0,0,52,2.3,Matt,45.20%,Assassin,13.3,17.7,30.7
Talon,67%,3,2,1,2.15,42,48,61,5,2,0,0,24.7,1.3,Matt,47.50%,Assassin,14.0,16.0,20.3
Neeko,67%,3,2,1,2.09,31,55,84,3,1,0,0,36.3,1.6,Matt,51.60%,Engage,10.3,18.3,28.0
Twisted Fate,33%,3,1,2,3.33,25,39,105,3,1,0,0,41.3,2.2,Matt,51.30%,AP Carry,8.3,13.0,35.0
Brand,33%,3,1,2,2.74,18,34,75,2,0,0,0,29.7,1.9,Matt,53.00%,AP Carry,6.0,11.3,25.0
Rumble,33%,3,1,2,2.66,43,53,98,6,2,0,0,35,1.7,Matt,50.60%,Bruiser,14.3,17.7,32.7
Heimerdinger,33%,3,1,2,2.5,21,36,69,3,0,0,0,50.7,2.6,Matt,50.80%,AP Carry,7.0,12.0,23.0
Jax,33%,3,1,2,1.82,32,51,61,8,0,0,0,13,0.8,Matt,50.10%,Bruiser,10.7,17.0,20.3
Yone,33%,3,1,2,1.82,26,49,63,4,1,0,0,57.7,3,Matt,48.00%,Assassin,8.7,16.3,21.0
Warwick,33%,3,1,2,1.6,24,45,48,4,0,0,0,7.7,0.5,Matt,51.10%,Bruiser,8.0,15.0,16.0
Leona,0%,3,0,3,2.42,8,45,101,0,0,0,0,12,0.7,Matt,51.10%,Engage,2.7,15.0,33.7
K'Sante,0%,3,0,3,1.83,13,48,75,1,0,0,0,42.3,2,Matt,52.10%,Bruiser,4.3,16.0,25.0
Twisted Fate,67%,3,2,1,4.65,45,34,113,7,0,0,0,60,2.8,James,51.30%,AP Carry,15.0,11.3,37.7
Yasuo,67%,3,2,1,2.56,23,36,69,1,1,0,0,77.7,3.8,James,49.00%,Bruiser,7.7,12.0,23.0
Pantheon,67%,3,2,1,2.5,42,38,53,10,1,0,0,20.3,1.1,James,48.80%,Bruiser,14.0,12.7,17.7
Caitlyn,33%,3,1,2,3.32,35,22,38,6,4,0,0,68.7,4,James,51.10%,AD Carry,11.7,7.3,12.7
Twitch,33%,3,1,2,3.06,43,35,64,8,5,2,0,36.3,2.2,James,49.70%,AP Carry,14.3,11.7,21.3
Samira,33%,3,1,2,2.81,57,36,44,14,6,4,0,79.7,4.5,James,48.90%,AD Carry,19.0,12.0,14.7
Vayne,33%,3,1,2,2.61,12,18,35,1,0,0,0,38,2.7,James,50.90%,AD Carry,4.0,6.0,11.7
Leona,0%,3,0,3,2.89,14,36,90,1,0,0,0,11.3,0.6,James,51.10%,Engage,4.7,12.0,30.0
Bel'Veth,100%,2,2,0,6.24,34,17,72,4,2,0,0,81.5,4.3,Wesley,46.60%,Bruiser,17.0,8.5,36.0
Yasuo,100%,2,2,0,3.11,16,18,40,3,1,0,0,91.5,5.5,Wesley,49.00%,Bruiser,8.0,9.0,20.0
Thresh,50%,2,1,1,5.53,30,17,64,4,0,0,0,30.5,2,Wesley,52.20%,Engage,15.0,8.5,32.0
Pyke,50%,2,1,1,4.24,30,17,42,6,4,1,0,13.5,0.8,Wesley,45.30%,Assassin,15.0,8.5,21.0
Sylas,50%,2,1,1,4,18,15,42,2,0,0,0,44,3,Wesley,48.30%,Bruiser,9.0,7.5,21.0
Talon,50%,2,1,1,3.33,44,24,36,13,4,2,1,81.5,4.8,Wesley,47.50%,Assassin,22.0,12.0,18.0
Cho'Gath,50%,2,1,1,3.17,31,24,45,2,0,0,0,55.5,2.7,Wesley,50.40%,Bruiser,15.5,12.0,22.5
Qiyana,50%,2,1,1,2.73,32,26,39,6,0,0,0,54.5,2.9,Wesley,42.50%,Assassin,16.0,13.0,19.5
Rengar,50%,2,1,1,2.34,37,29,31,7,3,1,0,76,3.8,Wesley,45.10%,Assassin,18.5,14.5,15.5
Jax,0%,2,0,2,2.15,29,26,27,7,4,0,0,51.5,2.9,Wesley,50.10%,Bruiser,14.5,13.0,13.5
Syndra,100%,2,2,0,3.95,48,21,35,10,1,0,0,63.5,3.2,Jason,49.70%,AP Carry,24.0,10.5,17.5
Lissandra,100%,2,2,0,3.74,34,23,52,9,2,0,0,74.5,4,Jason,49.80%,Engage,17.0,11.5,26.0
Gangplank,100%,2,2,0,3.41,41,22,34,5,1,1,0,79.5,4.2,Jason,51.20%,AD Carry,20.5,11.0,17.0
Nilah,100%,2,2,0,2.97,49,32,46,11,2,0,0,104.5,4.7,Jason,51.00%,Engage,24.5,16.0,23.0
Draven,100%,2,2,0,2.74,25,23,38,4,0,0,0,67,3.5,Jason,51.10%,AD Carry,12.5,11.5,19.0
Milio,50%,2,1,1,5.48,7,21,108,0,0,0,0,19,0.8,Jason,54.10%,Enchantress,3.5,10.5,54.0
Fiddlesticks,50%,2,1,1,3.41,22,27,70,5,0,0,0,40,2.2,Jason,51.90%,Engage,11.0,13.5,35.0
Lee Sin,50%,2,1,1,2.91,37,32,56,5,1,0,0,26.5,1.2,Jason,45.80%,Bruiser,18.5,16.0,28.0
Rengar,50%,2,1,1,1.94,40,36,30,5,1,0,0,27,1.2,Jason,45.10%,Assassin,20.0,18.0,15.0
Xayah,0%,2,0,2,3.28,25,25,57,2,1,0,0,105,5.7,Jason,47.60%,AD Carry,12.5,12.5,28.5
Elise,0%,2,0,2,2.42,29,26,34,1,0,0,0,25.5,1.8,Jason,49.90%,AP Carry,14.5,13.0,17.0
Nasus,0%,2,0,2,2.29,29,31,42,6,0,0,0,57.5,2.8,Jason,50.00%,Bruiser,14.5,15.5,21.0
Azir,0%,2,0,2,2.13,25,30,39,3,0,0,0,57.5,3.1,Jason,52.70%,AP Carry,12.5,15.0,19.5
Bel'Veth,0%,2,0,2,2.04,26,28,31,9,1,0,0,33,2.2,Jason,46.60%,Bruiser,13.0,14.0,15.5
Singed,100%,2,2,0,3.74,7,23,79,0,0,0,0,22.5,1.5,Allen,49.80%,Bruiser,3.5,11.5,39.5
Wukong,100%,2,2,0,3.19,38,26,45,9,1,0,0,35,1.9,Allen,47.50%,Bruiser,19.0,13.0,22.5
Amumu,100%,2,2,0,3.19,14,26,69,2,1,0,0,14,0.8,Allen,51.50%,Engage,7.0,13.0,34.5
Talon,100%,2,2,0,3.12,45,33,58,11,1,0,0,60,2.7,Allen,47.50%,Assassin,22.5,16.5,29.0
Jarvan IV,50%,2,1,1,3.59,34,29,70,7,0,0,0,33.5,1.8,Allen,48.50%,Engage,17.0,14.5,35.0
Annie,50%,2,1,1,3.31,40,29,56,13,2,0,0,57.5,2.8,Allen,50.70%,Engage,20.0,14.5,28.0
Vayne,50%,2,1,1,2.43,31,28,37,7,1,0,0,49,2.7,Allen,50.90%,AD Carry,15.5,14.0,18.5
LeBlanc,50%,2,1,1,2.35,35,31,38,4,0,0,0,26.5,1.2,Allen,41.90%,AP Carry,17.5,15.5,19.0
Lissandra,0%,2,0,2,2.17,14,35,62,4,1,0,0,39.5,2.1,Allen,49.80%,Engage,7.0,17.5,31.0
Sett,0%,2,0,2,2.14,17,28,43,1,0,0,0,28,1.6,Allen,48.80%,Bruiser,8.5,14.0,21.5
Fiora,0%,2,0,2,1.93,19,30,39,2,0,0,0,41.5,2.2,Allen,49.00%,Bruiser,9.5,15.0,19.5
Kayn,0%,2,0,2,1.59,14,32,37,1,0,0,0,40.5,2.3,Allen,45.70%,Bruiser,7.0,16.0,18.5
Lulu,100%,2,2,0,5.22,3,18,91,0,0,0,0,9,0.5,Matt,48.10%,Enchantress,1.5,9.0,45.5
Trundle,100%,2,2,0,3,23,29,64,3,0,0,0,24,1.1,Matt,51.00%,Bruiser,11.5,14.5,32.0
Nautilus,100%,2,2,0,2.32,5,28,60,0,0,0,0,14.5,0.8,Matt,50.50%,Engage,2.5,14.0,30.0
Braum,50%,2,1,1,3.92,9,25,89,1,0,0,0,9,0.4,Matt,48.20%,Bruiser,4.5,12.5,44.5
Miss Fortune,50%,2,1,1,3.25,34,36,83,6,2,0,0,79.5,3.4,Matt,49.60%,AD Carry,17.0,18.0,41.5
Caitlyn,50%,2,1,1,3.23,31,26,53,5,1,0,0,75,3.5,Matt,51.10%,AD Carry,15.5,13.0,26.5
Taric,50%,2,1,1,3.18,14,28,75,3,1,0,0,10,0.6,Matt,51.80%,Engage,7.0,14.0,37.5
Renata Glasc,50%,2,1,1,3.04,8,27,74,0,0,0,0,25,1.3,Matt,51.70%,Enchantress,4.0,13.5,37.0
LeBlanc,50%,2,1,1,2.96,20,27,60,3,1,0,0,22.5,1.2,Matt,41.90%,AP Carry,10.0,13.5,30.0
Corki,50%,2,1,1,2.91,18,22,46,2,1,0,0,34,2.2,Matt,47.10%,AP Carry,9.0,11.0,23.0
Aurelion Sol,50%,2,1,1,2.91,22,32,71,3,0,0,0,54,2.5,Matt,48.70%,AP Carry,11.0,16.0,35.5
Cho'Gath,50%,2,1,1,2.83,19,24,49,3,0,0,0,34,1.9,Matt,50.40%,Bruiser,9.5,12.0,24.5
Ekko,50%,2,1,1,2.61,49,38,50,11,3,1,0,47.5,1.8,Matt,50.70%,Assassin,24.5,19.0,25.0
Pantheon,50%,2,1,1,2.5,21,28,49,5,1,0,0,11.5,0.6,Matt,48.80%,Bruiser,10.5,14.0,24.5
Sylas,50%,2,1,1,2.24,30,38,55,4,0,0,0,35,1.5,Matt,48.30%,Bruiser,15.0,19.0,27.5
Skarner,50%,2,1,1,2.21,4,29,60,0,0,0,0,10,0.6,Matt,51.10%,Engage,2.0,14.5,30.0
Ahri,50%,2,1,1,2.13,18,31,48,2,0,0,0,34,2.1,Matt,50.50%,AP Carry,9.0,15.5,24.0
Ornn,50%,2,1,1,1.47,6,32,41,0,0,0,0,22,1.2,Matt,50.80%,Engage,3.0,16.0,20.5
Lux,0%,2,0,2,5.12,12,17,75,1,1,0,0,47,2.2,Matt,52.80%,AP Carry,6.0,8.5,37.5
Mordekaiser,0%,2,0,2,3.24,25,25,56,4,1,0,0,33,1.8,Matt,50.10%,Bruiser,12.5,12.5,28.0
Shyvana,0%,2,0,2,2.32,16,25,42,3,0,0,0,31.5,1.9,Matt,48.70%,AP Carry,8.0,12.5,21.0
Blitzcrank,0%,2,0,2,1.94,9,31,51,0,0,0,0,5,0.3,Matt,50.00%,Engage,4.5,15.5,25.5
Singed,0%,2,0,2,1.92,20,52,80,2,1,0,0,52,1.7,Matt,49.80%,Bruiser,10.0,26.0,40.0
Bard,100%,2,2,0,3.4,18,20,50,2,0,0,0,16,0.8,James,44.80%,AP Carry,9.0,10.0,25.0
Nautilus,100%,2,2,0,3.21,6,19,55,1,0,0,0,11,0.7,James,50.50%,Engage,3.0,9.5,27.5
Ahri,100%,2,2,0,3.2,23,20,41,3,0,0,0,56,2.8,James,50.50%,AP Carry,11.5,10.0,20.5
Kai'Sa,50%,2,1,1,4.13,22,15,40,2,0,0,0,45,2.8,James,47.40%,AD Carry,11.0,7.5,20.0
Ryze,50%,2,1,1,4.07,17,14,40,3,1,0,0,54.5,3.4,James,49.20%,Bruiser,8.5,7.0,20.0
Heimerdinger,50%,2,1,1,3.63,20,19,49,2,0,0,0,61.5,3.2,James,50.80%,AP Carry,10.0,9.5,24.5
Lee Sin,50%,2,1,1,3.08,13,13,27,1,0,0,0,13.5,1.4,James,45.80%,Bruiser,6.5,6.5,13.5
Swain,50%,2,1,1,2.58,13,24,49,1,0,0,0,35.5,1.8,James,51.50%,Bruiser,6.5,12.0,24.5
Poppy,50%,2,1,1,2,14,25,36,1,0,0,0,20.5,1.1,James,52.20%,Bruiser,7.0,12.5,18.0
Sion,50%,2,1,1,1.89,34,37,36,7,1,0,0,31.5,1.6,James,53.40%,Bruiser,17.0,18.5,18.0
Zilean,0%,2,0,2,5.06,21,18,70,1,0,0,0,69,3.2,James,47.60%,AP Carry,10.5,9.0,35.0
Anivia,0%,2,0,2,4.22,22,18,54,1,0,0,0,75.5,3.2,James,50.60%,AP Carry,11.0,9.0,27.0
Zed,0%,2,0,2,3.18,22,22,48,3,0,0,0,52.5,3.1,James,45.20%,Assassin,11.0,11.0,24.0
Draven,100%,1,1,0,7.67,26,6,20,7,2,1,1,76,5.9,Wesley,51.10%,AD Carry,26.0,6.0,20.0
Akali,100%,1,1,0,4.88,11,8,28,2,1,0,0,36,2.1,Wesley,43.90%,Assassin,11.0,8.0,28.0
Kalista,100%,1,1,0,4.8,28,10,20,9,2,0,0,101,5.3,Wesley,49.80%,AD Carry,28.0,10.0,20.0
Zeri,100%,1,1,0,4.78,29,9,14,7,4,0,0,180,9.1,Wesley,49.60%,AD Carry,29.0,9.0,14.0
Kled,100%,1,1,0,4.75,14,8,24,3,1,0,0,41,3.3,Wesley,51.90%,Engage,14.0,8.0,24.0
Nilah,100%,1,1,0,4.63,23,8,14,5,4,1,0,111,6.7,Wesley,51.00%,Engage,23.0,8.0,14.0
Camille,100%,1,1,0,4.45,13,11,36,1,0,0,0,59,3,Wesley,52.20%,Bruiser,13.0,11.0,36.0
Xayah,100%,1,1,0,4,12,8,20,1,1,0,0,194,8,Wesley,47.60%,AD Carry,12.0,8.0,20.0
Kog'Maw,100%,1,1,0,3.33,13,9,17,3,0,0,0,68,3.8,Wesley,52.80%,AD Carry,13.0,9.0,17.0
Fiora,100%,1,1,0,3.29,8,7,15,2,0,0,0,68,4.5,Wesley,49.00%,Bruiser,8.0,7.0,15.0
Ornn,100%,1,1,0,3.13,4,8,21,0,0,0,0,43,2.3,Wesley,50.80%,Engage,4.0,8.0,21.0
Blitzcrank,100%,1,1,0,2.79,15,14,24,2,0,0,0,29,1.2,Wesley,50.00%,Engage,15.0,14.0,24.0
Lillia,100%,1,1,0,1.71,4,14,20,0,0,0,0,123,4.9,Wesley,53.80%,Bruiser,4.0,14.0,20.0
Gnar,0%,1,0,1,4.6,20,10,26,4,2,0,0,96,4.9,Wesley,48.80%,Bruiser,20.0,10.0,26.0
Senna,0%,1,0,1,4.3,9,10,34,2,0,0,0,29,1.4,Wesley,51.30%,AD Carry,9.0,10.0,34.0
Lee Sin,0%,1,0,1,3.7,12,10,25,3,0,0,0,36,2,Wesley,45.80%,Bruiser,12.0,10.0,25.0
Olaf,0%,1,0,1,3.3,19,10,14,4,2,0,0,115,6.9,Wesley,52.00%,Bruiser,19.0,10.0,14.0
Malphite,0%,1,0,1,3.22,15,9,14,3,1,0,0,21,1.6,Wesley,50.90%,Engage,15.0,9.0,14.0
Maokai,0%,1,0,1,2.86,5,14,35,0,0,0,0,37,2,Wesley,50.70%,Engage,5.0,14.0,35.0
Gwen,0%,1,0,1,2.8,12,10,16,3,0,0,0,94,4.1,Wesley,50.80%,Bruiser,12.0,10.0,16.0
Aphelios,0%,1,0,1,2.56,5,9,18,0,0,0,0,120,6.8,Wesley,47.80%,AD Carry,5.0,9.0,18.0
Briar,0%,1,0,1,2.38,7,16,31,0,0,0,0,30,1.7,Wesley,49.00%,Bruiser,7.0,16.0,31.0
Kassadin,0%,1,0,1,2,11,13,15,2,0,0,0,73,4.1,Wesley,47.90%,Assassin,11.0,13.0,15.0
Katarina,0%,1,0,1,1.78,12,18,20,1,0,0,0,46,2.4,Wesley,42.70%,Assassin,12.0,18.0,20.0
K'Sante,0%,1,0,1,1.54,3,13,17,0,0,0,0,32,1.7,Wesley,52.10%,Bruiser,3.0,13.0,17.0
Sona,100%,1,1,0,4.8,4,10,44,0,0,0,0,18,1.1,Jason,51.70%,Enchantress,4.0,10.0,44.0
Taric,100%,1,1,0,4.67,6,9,36,1,0,0,0,18,1,Jason,51.80%,Engage,6.0,9.0,36.0
Caitlyn,100%,1,1,0,4.62,34,13,26,9,6,3,0,74,3.6,Jason,51.10%,AD Carry,34.0,13.0,26.0
Lulu,100%,1,1,0,4.15,0,13,54,0,0,0,0,4,0.2,Jason,48.10%,Enchantress,0.0,13.0,54.0
Ziggs,100%,1,1,0,4.14,13,7,16,4,1,0,0,35,2.3,Jason,52.20%,AP Carry,13.0,7.0,16.0
Shyvana,100%,1,1,0,4.14,9,7,20,1,1,0,0,31,1.7,Jason,48.70%,AP Carry,9.0,7.0,20.0
Tryndamere,100%,1,1,0,4,20,13,32,5,1,0,0,79,3.5,Jason,50.20%,Bruiser,20.0,13.0,32.0
Swain,100%,1,1,0,3.64,12,11,28,2,0,0,0,36,2.2,Jason,51.50%,Bruiser,12.0,11.0,28.0
Rumble,100%,1,1,0,3.54,16,13,30,2,0,0,0,44,2.2,Jason,50.60%,Bruiser,16.0,13.0,30.0
Vel'Koz,100%,1,1,0,3.45,10,11,28,1,0,0,0,52,2.7,Jason,52.00%,AP Carry,10.0,11.0,28.0
Hecarim,100%,1,1,0,3.31,20,16,33,5,1,0,0,25,1.2,Jason,46.20%,Bruiser,20.0,16.0,33.0
Wukong,100%,1,1,0,3.25,16,16,36,2,1,0,0,34,1.7,Jason,47.50%,Bruiser,16.0,16.0,36.0
Katarina,100%,1,1,0,3.21,17,14,28,3,0,0,0,53,3.1,Jason,42.70%,Assassin,17.0,14.0,28.0
Akshan,100%,1,1,0,2.78,6,9,19,0,0,0,0,38,2.4,Jason,48.40%,AD Carry,6.0,9.0,19.0
Gnar,100%,1,1,0,2.69,17,13,18,1,0,0,0,48,3,Jason,48.80%,Bruiser,17.0,13.0,18.0
Janna,0%,1,0,1,5,10,10,40,2,0,0,0,39,1.9,Jason,54.60%,Enchantress,10.0,10.0,40.0
Ryze,0%,1,0,1,3.67,20,12,24,3,2,0,0,57,2.4,Jason,49.20%,Bruiser,20.0,12.0,24.0
Ashe,0%,1,0,1,3.38,13,13,31,2,0,0,0,70,3.1,Jason,49.30%,AD Carry,13.0,13.0,31.0
K'Sante,0%,1,0,1,2.91,7,11,25,0,0,0,0,30,1.6,Jason,52.10%,Bruiser,7.0,11.0,25.0
Graves,0%,1,0,1,2.91,17,11,15,3,1,0,0,59,3.7,Jason,51.70%,AD Carry,17.0,11.0,15.0
Xerath,0%,1,0,1,2.79,13,14,26,3,0,0,0,60,3,Jason,49.00%,AP Carry,13.0,14.0,26.0
Samira,0%,1,0,1,2.78,31,23,33,7,2,2,0,78,2.9,Jason,48.90%,AD Carry,31.0,23.0,33.0
Senna,0%,1,0,1,2.67,9,9,15,1,0,0,0,18,1.3,Jason,51.30%,AD Carry,9.0,9.0,15.0
Ornn,0%,1,0,1,2.44,8,16,31,1,0,0,0,40,1.7,Jason,50.80%,Engage,8.0,16.0,31.0
Zilean,0%,1,0,1,2.33,5,12,23,0,0,0,0,36,2,Jason,47.60%,AP Carry,5.0,12.0,23.0
Lucian,0%,1,0,1,2.29,22,17,17,4,0,0,0,79,4.6,Jason,49.70%,AD Carry,22.0,17.0,17.0
Bard,0%,1,0,1,2.25,8,16,28,0,0,0,0,26,1.3,Jason,44.80%,AP Carry,8.0,16.0,28.0
Lillia,0%,1,0,1,2.23,11,13,18,2,0,0,0,29,1.8,Jason,53.80%,Bruiser,11.0,13.0,18.0
Shaco,0%,1,0,1,2.15,9,13,19,0,0,0,0,36,2,Jason,48.30%,AP Carry,9.0,13.0,19.0
Kled,0%,1,0,1,2.11,7,9,12,1,0,0,0,27,2.2,Jason,51.90%,Engage,7.0,9.0,12.0
Dr. Mundo,0%,1,0,1,2.09,4,11,19,0,0,0,0,34,1.9,Jason,49.80%,Bruiser,4.0,11.0,19.0
Galio,0%,1,0,1,2.06,10,16,23,0,0,0,0,30,1.7,Jason,52.70%,Engage,10.0,16.0,23.0
Kayn,0%,1,0,1,1.95,9,19,28,1,0,0,0,44,2.3,Jason,45.70%,Bruiser,9.0,19.0,28.0
Amumu,0%,1,0,1,1.44,9,18,17,0,0,0,0,9,0.5,Jason,51.50%,Engage,9.0,18.0,17.0
Veigar,0%,1,0,1,1.41,9,17,15,0,0,0,0,56,2.6,Jason,52.80%,AP Carry,9.0,17.0,15.0
Zoe,0%,1,0,1,1.24,9,21,17,0,0,0,0,22,0.9,Jason,49.40%,AP Carry,9.0,21.0,17.0
Illaoi,0%,1,0,1,1.17,5,12,9,0,0,0,0,16,1.3,Jason,53.30%,Bruiser,5.0,12.0,9.0
Braum,100%,1,1,0,5.67,1,9,50,0,0,0,0,12,0.8,Allen,48.20%,Bruiser,1.0,9.0,50.0
Brand,100%,1,1,0,5.57,8,7,31,1,0,0,0,27,1.5,Allen,53.00%,AP Carry,8.0,7.0,31.0
Swain,100%,1,1,0,5.4,6,5,21,0,0,0,0,23,1.9,Allen,51.50%,Bruiser,6.0,5.0,21.0
Bard,100%,1,1,0,5,12,9,33,0,0,0,0,21,1.2,Allen,44.80%,AP Carry,12.0,9.0,33.0
Ahri,100%,1,1,0,4.5,15,8,21,4,2,0,0,37,2.5,Allen,50.50%,AP Carry,15.0,8.0,21.0
Ashe,100%,1,1,0,4.5,13,12,41,2,0,0,0,46,2.2,Allen,49.30%,AD Carry,13.0,12.0,41.0
Renekton,100%,1,1,0,4.46,5,13,53,0,0,0,0,25,1.5,Allen,51.40%,Bruiser,5.0,13.0,53.0
Gnar,100%,1,1,0,3.86,13,7,14,2,0,0,0,21,1.7,Allen,48.80%,Bruiser,13.0,7.0,14.0
Kayle,100%,1,1,0,3.73,11,11,30,2,0,0,0,85,4.5,Allen,51.80%,AP Carry,11.0,11.0,30.0
Leona,100%,1,1,0,2.93,6,15,38,0,0,0,0,34,1.5,Allen,51.10%,Engage,6.0,15.0,38.0
Aatrox,100%,1,1,0,2.92,9,13,29,0,0,0,0,36,1.8,Allen,49.80%,Bruiser,9.0,13.0,29.0
Viktor,100%,1,1,0,2.85,7,13,30,1,0,0,0,29,1.4,Allen,52.10%,AP Carry,7.0,13.0,30.0
Samira,100%,1,1,0,2.8,18,15,24,4,2,0,0,127,5.3,Allen,48.90%,AD Carry,18.0,15.0,24.0
Taric,100%,1,1,0,2.77,6,13,30,0,0,0,0,27,1.1,Allen,51.80%,Engage,6.0,13.0,30.0
Vex,100%,1,1,0,2.53,17,17,26,3,0,0,0,59,2.8,Allen,52.20%,Engage,17.0,17.0,26.0
Nilah,100%,1,1,0,1.83,16,23,26,4,0,0,0,112,4.3,Allen,51.00%,Engage,16.0,23.0,26.0
Ivern,0%,1,0,1,4,2,9,34,1,0,0,0,8,0.5,Allen,52.30%,Enchantress,2.0,9.0,34.0
Alistar,0%,1,0,1,3,5,15,40,1,0,0,0,16,1.1,Allen,50.10%,Engage,5.0,15.0,40.0
Pyke,0%,1,0,1,2.92,11,12,24,1,0,0,0,14,0.7,Allen,45.30%,Assassin,11.0,12.0,24.0
Xin Zhao,0%,1,0,1,2.83,7,12,27,1,0,0,0,8,0.6,Allen,49.30%,Engage,7.0,12.0,27.0
Orianna,0%,1,0,1,2.78,10,9,15,1,0,0,0,19,1.4,Allen,53.00%,Engage,10.0,9.0,15.0
Malphite,0%,1,0,1,2.17,12,12,14,2,0,0,0,14,1,Allen,50.90%,Engage,12.0,12.0,14.0
Aphelios,0%,1,0,1,2.11,17,18,21,3,0,0,0,80,2.9,Allen,47.80%,AD Carry,17.0,18.0,21.0
Akshan,0%,1,0,1,2.09,8,11,15,2,0,0,0,30,1.7,Allen,48.40%,AD Carry,8.0,11.0,15.0
Jax,0%,1,0,1,2,9,16,23,1,0,0,0,36,1.8,Allen,50.10%,Bruiser,9.0,16.0,23.0
Bard,100%,1,1,0,4.5,13,10,32,1,0,0,0,32,1.4,Matt,44.80%,AP Carry,13.0,10.0,32.0
Jinx,100%,1,1,0,4,18,11,26,5,2,0,0,62,3.8,Matt,54.10%,AD Carry,18.0,11.0,26.0
Malzahar,100%,1,1,0,4,10,12,38,3,0,0,0,92,4.5,Matt,52.40%,AP Carry,10.0,12.0,38.0
Lucian,100%,1,1,0,3.58,19,12,24,4,1,0,0,61,3.4,Matt,49.70%,AD Carry,19.0,12.0,24.0
Jhin,100%,1,1,0,3.2,10,10,22,2,1,0,0,81,3.2,Matt,50.40%,AD Carry,10.0,10.0,22.0
Nocturne,100%,1,1,0,3.2,11,15,37,2,0,0,0,36,2.2,Matt,48.60%,Assassin,11.0,15.0,37.0
Xayah,100%,1,1,0,3,13,9,14,1,0,0,0,68,3.9,Matt,47.60%,AD Carry,13.0,9.0,14.0
Gnar,100%,1,1,0,3,11,13,28,1,0,0,0,43,2.6,Matt,48.80%,Bruiser,11.0,13.0,28.0
Viktor,100%,1,1,0,2.86,7,14,33,1,0,0,0,63,2.7,Matt,52.10%,AP Carry,7.0,14.0,33.0
Kalista,100%,1,1,0,2.71,12,14,26,2,0,0,0,68,4,Matt,49.80%,AD Carry,12.0,14.0,26.0
Fizz,100%,1,1,0,2.59,20,17,24,7,1,0,0,16,0.9,Matt,50.50%,Assassin,20.0,17.0,24.0
Teemo,100%,1,1,0,2.5,13,18,32,3,1,0,0,38,1.4,Matt,50.10%,AP Carry,13.0,18.0,32.0
Tristana,100%,1,1,0,1.58,14,19,16,2,0,0,0,84,3.6,Matt,49.70%,AD Carry,14.0,19.0,16.0
Xerath,0%,1,0,1,3.5,4,10,31,0,0,0,0,48,2.4,Matt,49.00%,AP Carry,4.0,10.0,31.0
Orianna,0%,1,0,1,3.4,3,10,31,0,0,0,0,50,2.7,Matt,53.00%,Engage,3.0,10.0,31.0
Morgana,0%,1,0,1,3.23,4,13,38,0,0,0,0,58,2.6,Matt,53.60%,AP Carry,4.0,13.0,38.0
Yorick,0%,1,0,1,3,15,16,33,1,1,0,0,87,3.5,Matt,53.90%,Bruiser,15.0,16.0,33.0
Lee Sin,0%,1,0,1,2.69,0,16,43,0,0,0,0,14,0.6,Matt,45.80%,Bruiser,0.0,16.0,43.0
Thresh,0%,1,0,1,2.5,5,10,20,0,0,0,0,9,0.5,Matt,52.20%,Engage,5.0,10.0,20.0
Xin Zhao,0%,1,0,1,2.5,16,16,24,2,0,0,0,30,1.8,Matt,49.30%,Engage,16.0,16.0,24.0
Janna,0%,1,0,1,2.42,1,12,28,0,0,0,0,1,0.1,Matt,54.60%,Enchantress,1.0,12.0,28.0
Soraka,0%,1,0,1,2.3,0,10,23,0,0,0,0,2,0.1,Matt,49.90%,Enchantress,0.0,10.0,23.0
Jayce,0%,1,0,1,2.29,6,17,33,1,0,0,0,26,1.2,Matt,49.20%,AD Carry,6.0,17.0,33.0
Master Yi,0%,1,0,1,2.11,9,18,29,1,0,0,0,18,0.9,Matt,47.90%,Assassin,9.0,18.0,29.0
Briar,0%,1,0,1,2,5,20,35,0,0,0,0,21,1,Matt,49.00%,Bruiser,5.0,20.0,35.0
Kayn,0%,1,0,1,2,6,16,26,1,0,0,0,31,1.6,Matt,45.70%,Bruiser,6.0,16.0,26.0
Rengar,0%,1,0,1,1.88,8,16,22,1,0,0,0,22,1.3,Matt,45.10%,Assassin,8.0,16.0,22.0
Taliyah,0%,1,0,1,1.83,5,12,17,0,0,0,0,46,2.5,Matt,53.00%,AP Carry,5.0,12.0,17.0
Urgot,0%,1,0,1,1.82,6,17,25,1,0,0,0,39,2.2,Matt,50.70%,Bruiser,6.0,17.0,25.0
Graves,0%,1,0,1,1.81,10,16,19,1,0,0,0,55,2.6,Matt,51.70%,AD Carry,10.0,16.0,19.0
Aatrox,0%,1,0,1,1.63,4,16,22,1,0,0,0,12,0.8,Matt,49.80%,Bruiser,4.0,16.0,22.0
Pyke,0%,1,0,1,1.53,8,17,18,1,0,0,0,3,0.2,Matt,45.30%,Assassin,8.0,17.0,18.0
Ornn,100%,1,1,0,6.86,7,7,41,0,0,0,0,23,1.3,James,50.80%,Engage,7.0,7.0,41.0
Nidalee,100%,1,1,0,6,25,9,29,7,0,0,0,43,2,James,47.90%,AP Carry,25.0,9.0,29.0
Malzahar,100%,1,1,0,5.43,6,7,32,2,0,0,0,82,3.9,James,52.40%,AP Carry,6.0,7.0,32.0
Sona,100%,1,1,0,5.33,2,9,46,0,0,0,0,12,0.7,James,51.70%,Enchantress,2.0,9.0,46.0
Karma,100%,1,1,0,5.29,5,7,32,0,0,0,0,33,1.7,James,51.50%,Enchantress,5.0,7.0,32.0
Sejuani,100%,1,1,0,4.89,7,9,37,2,0,0,0,19,0.9,James,50.90%,Engage,7.0,9.0,37.0
Brand,100%,1,1,0,4.4,5,5,17,0,0,0,0,30,2.2,James,53.00%,AP Carry,5.0,5.0,17.0
Singed,100%,1,1,0,4.3,5,10,38,0,0,0,0,24,1.3,James,49.80%,Bruiser,5.0,10.0,38.0
Vel'Koz,100%,1,1,0,4,14,11,30,3,1,0,0,53,2.1,James,52.00%,AP Carry,14.0,11.0,30.0
Varus,100%,1,1,0,3.82,10,11,32,1,0,0,0,39,1.7,James,49.90%,AD Carry,10.0,11.0,32.0
Miss Fortune,100%,1,1,0,3.5,24,14,25,6,1,0,0,74,3.6,James,49.60%,AD Carry,24.0,14.0,25.0
Amumu,100%,1,1,0,3.38,2,8,25,0,0,0,0,16,0.9,James,51.50%,Engage,2.0,8.0,25.0
Nunu & Willump,100%,1,1,0,3.33,16,12,24,2,1,0,0,36,1.9,James,49.60%,Engage,16.0,12.0,24.0
Cho'Gath,100%,1,1,0,3.3,8,10,25,1,0,0,0,30,1.6,James,50.40%,Bruiser,8.0,10.0,25.0
Darius,100%,1,1,0,2.86,14,14,26,3,1,0,0,36,1.7,James,48.70%,Bruiser,14.0,14.0,26.0
Olaf,100%,1,1,0,1.38,9,16,13,0,0,0,0,96,3.8,James,52.00%,Bruiser,9.0,16.0,13.0
Xerath,0%,1,0,1,4.9,16,10,33,1,1,0,0,88,3.4,James,49.00%,AP Carry,16.0,10.0,33.0
Shaco,0%,1,0,1,4.33,2,9,37,0,0,0,0,28,1.4,James,48.30%,AP Carry,2.0,9.0,37.0
Milio,0%,1,0,1,3.71,1,7,25,0,0,0,0,14,0.9,James,54.10%,Enchantress,1.0,7.0,25.0
Lucian,0%,1,0,1,3.2,11,10,21,1,1,0,0,69,3.8,James,49.70%,AD Carry,11.0,10.0,21.0
Ashe,0%,1,0,1,3.1,4,10,27,0,0,0,0,11,0.6,James,49.30%,AD Carry,4.0,10.0,27.0
Galio,0%,1,0,1,3,5,11,28,1,0,0,0,52,3.1,James,52.70%,Engage,5.0,11.0,28.0
Gangplank,0%,1,0,1,2.92,10,12,25,1,1,0,0,37,2.5,James,51.20%,AD Carry,10.0,12.0,25.0
Zyra,0%,1,0,1,2.89,6,9,20,1,0,0,0,31,1.7,James,51.80%,AP Carry,6.0,9.0,20.0
Fiddlesticks,0%,1,0,1,2.86,36,22,27,10,2,1,0,54,2.1,James,51.90%,Engage,36.0,22.0,27.0
Thresh,0%,1,0,1,2.83,1,12,33,0,0,0,0,18,0.9,James,52.20%,Engage,1.0,12.0,33.0
Ezreal,0%,1,0,1,2.5,9,14,26,0,0,0,0,54,2.6,James,48.60%,AP Carry,9.0,14.0,26.0
Urgot,0%,1,0,1,2.46,10,13,22,2,0,0,0,34,1.8,James,50.70%,Bruiser,10.0,13.0,22.0
Soraka,0%,1,0,1,2.38,2,8,17,0,0,0,0,16,0.9,James,49.90%,Enchantress,2.0,8.0,17.0
Teemo,0%,1,0,1,2.21,6,14,25,0,0,0,0,39,1.6,James,50.10%,AP Carry,6.0,14.0,25.0
Pyke,0%,1,0,1,2.2,10,15,23,0,0,0,0,4,0.2,James,45.30%,Assassin,10.0,15.0,23.0
Senna,0%,1,0,1,2.2,9,15,24,2,0,0,0,27,1.5,James,51.30%,AD Carry,9.0,15.0,24.0
Kog'Maw,0%,1,0,1,2.2,13,15,20,1,1,0,0,40,2.4,James,52.80%,AD Carry,13.0,15.0,20.0
Syndra,0%,1,0,1,2,5,10,15,0,0,0,0,40,2.5,James,49.70%,AP Carry,5.0,10.0,15.0
Karthus,0%,1,0,1,2,16,18,20,3,2,2,0,41,2.3,James,48.30%,Bruiser,16.0,18.0,20.0
Nocturne,0%,1,0,1,1.77,12,13,11,2,0,0,0,32,1.7,James,48.60%,Assassin,12.0,13.0,11.0
Yone,0%,1,0,1,1.4,8,15,13,2,2,0,0,61,3.4,James,48.00%,Assassin,8.0,15.0,13.0
Vi,0%,1,0,1,0.81,6,16,7,1,0,0,0,18,1,James,48.50%,Engage,6.0,16.0,7.0